id,install_at,gender
1,6/16/2017  9:20:00 Amale,male
2,6/16/2017  8:27:00 Amale,male
3,6/16/2017  8:30:00 Amale,female
4,6/16/2017  9:12:00 Amale,female
5,6/16/2017  9:00:00 Amale,male
6,6/16/2017  9:19:00 Amale,male
7,6/16/2017  9:03:00 Amale,male
8,6/16/2017  9:17:00 Amale,male
9,6/16/2017  9:19:00 Amale,male
10,6/16/2017  9:15:00 Amale,male
11,6/16/2017  9:15:00 Amale,female
12,6/16/2017  8:37:00 Amale,male
13,6/16/2017  8:34:00 Amale,male
14,6/16/2017  9:02:00 Amale,male
15,6/16/2017  8:29:00 Amale,male
16,6/16/2017  9:13:00 Amale,male
17,6/16/2017  8:23:00 Amale,male
18,6/16/2017  9:21:00 Amale,male
19,6/16/2017  8:50:00 Amale,male
20,6/16/2017  8:55:00 Amale,male
21,6/16/2017  8:12:00 Amale,male
22,6/16/2017  8:59:00 Amale,female
23,6/16/2017  9:06:00 Amale,male
24,6/16/2017  8:34:00 Amale,male
25,6/16/2017  8:19:00 Amale,male
26,6/16/2017  8:30:00 Amale,male
27,6/16/2017  8:57:00 Amale,female
28,6/16/2017  9:12:00 Amale,male
29,6/16/2017  9:10:00 Amale,male
30,6/16/2017  9:22:00 Amale,male
31,6/16/2017  8:14:00 Amale,male
32,6/16/2017  8:41:00 Amale,male
33,6/16/2017  9:17:00 Amale,female
34,6/16/2017  8:15:00 Amale,female
35,6/16/2017  9:09:00 Amale,male
36,6/16/2017  8:23:00 Amale,female
37,6/16/2017  9:09:00 Amale,male
38,6/16/2017  9:03:00 Amale,male
39,6/16/2017  9:00:00 Amale,male
40,6/16/2017  8:38:00 Amale,male
41,6/16/2017  9:08:00 Amale,male
42,6/16/2017  9:04:00 Amale,female
43,6/16/2017  8:38:00 Amale,female
44,6/16/2017  9:17:00 Amale,male
45,6/16/2017  8:24:00 Amale,male
46,6/16/2017  8:40:00 Amale,female
47,6/16/2017  8:22:00 Amale,female
48,6/16/2017  8:22:00 Amale,male
49,6/16/2017  8:23:00 Amale,male
50,6/16/2017  8:57:00 Amale,male
51,6/16/2017  8:36:00 Amale,male
52,6/16/2017  9:15:00 Amale,male
53,6/16/2017  8:16:00 Amale,male
54,6/16/2017  8:22:00 Amale,male
55,6/16/2017  8:41:00 Amale,female
56,6/16/2017  8:49:00 Amale,male
57,6/16/2017  9:01:00 Amale,male
58,6/16/2017  8:42:00 Amale,male
59,6/16/2017  8:51:00 Amale,male
60,6/16/2017  9:08:00 Amale,male
61,6/16/2017  8:30:00 Amale,male
62,6/16/2017  9:04:00 Amale,female
63,6/16/2017  8:47:00 Amale,female
64,6/16/2017  7:59:00 Amale,male
65,6/16/2017  9:04:00 Amale,male
66,6/16/2017  8:25:00 Amale,male
67,6/16/2017  8:42:00 Amale,male
68,6/16/2017  8:14:00 Amale,male
69,6/16/2017  9:01:00 Amale,male
70,6/16/2017  8:22:00 Amale,male
71,6/16/2017  8:25:00 Amale,male
72,6/16/2017  8:27:00 Amale,female
73,6/16/2017  9:04:00 Amale,male
74,6/16/2017  8:23:00 Amale,female
75,6/16/2017  9:14:00 Amale,male
76,6/16/2017  8:21:00 Amale,male
77,6/16/2017  8:47:00 Amale,male
78,6/16/2017  9:07:00 Amale,male
79,6/16/2017  9:19:00 Amale,female
80,6/16/2017  9:10:00 Amale,male
81,6/16/2017  8:40:00 Amale,female
82,6/16/2017  8:17:00 Amale,male
83,6/16/2017  8:56:00 Amale,female
84,6/16/2017  8:49:00 Amale,male
85,6/16/2017  8:49:00 Amale,male
86,6/16/2017  9:20:00 Amale,female
87,6/16/2017  8:25:00 Amale,male
88,6/16/2017  8:53:00 Amale,male
89,6/16/2017  9:17:00 Amale,female
90,6/16/2017  8:14:00 Amale,male
91,6/16/2017  9:20:00 Amale,female
92,6/16/2017  8:51:00 Amale,male
93,6/16/2017  8:36:00 Amale,female
94,6/16/2017  8:33:00 Amale,male
95,6/16/2017  8:30:00 Amale,male
96,6/16/2017  8:14:00 Amale,male
97,6/16/2017  8:24:00 Amale,male
98,6/16/2017  9:16:00 Amale,male
99,6/16/2017  8:21:00 Amale,male
100,6/16/2017  9:09:00 Amale,male
101,6/16/2017  8:57:00 Amale,male
102,6/16/2017  8:15:00 Amale,male
103,6/16/2017  8:53:00 Amale,female
104,6/16/2017  8:44:00 Amale,male
105,6/16/2017  8:50:00 Amale,male
106,6/16/2017  9:01:00 Amale,male
107,6/16/2017  8:53:00 Amale,male
108,6/16/2017  9:01:00 Amale,female
109,6/16/2017  8:25:00 Amale,male
110,6/16/2017  9:07:00 Amale,male
111,6/16/2017  8:48:00 Amale,male
112,6/16/2017  8:37:00 Amale,female
113,6/16/2017  9:12:00 Amale,female
114,6/16/2017  8:51:00 Amale,male
115,6/16/2017  8:28:00 Amale,male
116,6/16/2017  9:08:00 Amale,female
117,6/16/2017  8:33:00 Amale,female
118,6/16/2017  8:59:00 Amale,male
119,6/16/2017  8:25:00 Amale,male
120,6/16/2017  8:08:00 Amale,female
121,6/16/2017  9:08:00 Amale,male
122,6/16/2017  8:06:00 Amale,male
123,6/16/2017  9:09:00 Amale,male
124,6/16/2017  8:33:00 Amale,female
125,6/16/2017  8:34:00 Amale,male
126,6/16/2017  8:54:00 Amale,male
127,6/16/2017  8:35:00 Amale,male
128,6/16/2017  8:08:00 Amale,male
129,6/16/2017  8:19:00 Amale,female
130,6/16/2017  8:35:00 Amale,female
131,6/16/2017  9:00:00 Amale,male
132,6/16/2017  8:14:00 Amale,female
133,6/16/2017  8:11:00 Amale,male
134,6/16/2017  8:17:00 Amale,male
135,6/16/2017  8:36:00 Amale,male
136,6/16/2017  8:35:00 Amale,male
137,6/16/2017  8:40:00 Amale,male
138,6/16/2017  8:18:00 Amale,male
139,6/16/2017  8:36:00 Amale,female
140,6/16/2017  8:21:00 Amale,male
141,6/16/2017  8:21:00 Amale,male
142,6/16/2017  8:59:00 Amale,male
143,6/16/2017  8:12:00 Amale,male
144,6/16/2017  8:46:00 Amale,male
145,6/16/2017  8:53:00 Amale,male
146,6/16/2017  8:29:00 Amale,male
147,6/16/2017  8:12:00 Amale,male
148,6/16/2017  8:34:00 Amale,male
149,6/16/2017  9:00:00 Amale,male
150,6/16/2017  8:30:00 Amale,male
151,6/16/2017  9:08:00 Amale,male
152,6/16/2017  8:28:00 Amale,male
153,6/16/2017  8:34:00 Amale,female
154,6/16/2017  8:27:00 Amale,male
155,6/16/2017  8:21:00 Amale,female
156,6/16/2017  9:13:00 Amale,female
157,6/16/2017  8:40:00 Amale,male
158,6/16/2017  9:00:00 Amale,male
159,6/16/2017  8:34:00 Amale,female
160,6/16/2017  9:13:00 Amale,female
161,6/16/2017  8:05:00 Amale,male
162,6/16/2017  7:59:00 Amale,female
163,6/16/2017  8:49:00 Amale,male
164,6/16/2017  8:40:00 Amale,male
165,6/16/2017  8:34:00 Amale,male
166,6/16/2017  7:52:00 Amale,male
167,6/16/2017  8:49:00 Amale,male
168,6/16/2017  8:37:00 Amale,male
169,6/16/2017  7:53:00 Amale,male
170,6/16/2017  8:03:00 Amale,female
171,6/16/2017  7:57:00 Amale,male
172,6/16/2017  8:29:00 Amale,male
173,6/16/2017  8:23:00 Amale,male
174,6/16/2017  8:28:00 Amale,male
175,6/16/2017  8:24:00 Amale,male
176,6/16/2017  8:27:00 Amale,male
177,6/16/2017  8:04:00 Amale,male
178,6/16/2017  8:46:00 Amale,male
179,6/16/2017  8:59:00 Amale,male
180,6/16/2017  8:23:00 Amale,male
181,6/16/2017  8:34:00 Amale,male
182,6/16/2017  8:50:00 Amale,male
183,6/16/2017  8:41:00 Amale,male
184,6/16/2017  8:15:00 Amale,male
185,6/16/2017  9:03:00 Amale,male
186,6/16/2017  8:36:00 Amale,male
187,6/16/2017  8:55:00 Amale,male
188,6/16/2017  9:08:00 Amale,male
189,6/16/2017  8:46:00 Amale,female
190,6/16/2017  9:02:00 Amale,male
191,6/16/2017  8:42:00 Amale,female
192,6/16/2017  9:08:00 Amale,female
193,6/16/2017  8:23:00 Amale,male
194,6/16/2017  9:02:00 Amale,male
195,6/16/2017  8:15:00 Amale,female
196,6/16/2017  8:37:00 Amale,male
197,6/16/2017  7:58:00 Amale,male
198,6/16/2017  8:30:00 Amale,male
199,6/16/2017  8:14:00 Amale,male
200,6/16/2017  9:03:00 Amale,male
201,6/16/2017  8:30:00 Amale,male
202,6/16/2017  8:02:00 Amale,male
203,6/16/2017  8:06:00 Amale,male
204,6/16/2017  8:46:00 Amale,female
205,6/16/2017  8:06:00 Amale,male
206,6/16/2017  8:01:00 Amale,male
207,6/16/2017  8:47:00 Amale,female
208,6/16/2017  8:04:00 Amale,female
209,6/16/2017  8:44:00 Amale,male
210,6/16/2017  9:00:00 Amale,female
211,6/16/2017  8:21:00 Amale,male
212,6/16/2017  9:09:00 Amale,male
213,6/16/2017  8:54:00 Amale,male
214,6/16/2017  8:30:00 Amale,male
215,6/16/2017  9:01:00 Amale,male
216,6/16/2017  8:05:00 Amale,male
217,6/16/2017  8:35:00 Amale,male
218,6/16/2017  8:55:00 Amale,male
219,6/16/2017  8:02:00 Amale,male
220,6/16/2017  8:31:00 Amale,male
221,6/16/2017  8:27:00 Amale,male
222,6/16/2017  9:04:00 Amale,male
223,6/16/2017  9:07:00 Amale,male
224,6/16/2017  8:19:00 Amale,male
225,6/16/2017  8:12:00 Amale,male
226,6/16/2017  8:38:00 Amale,male
227,6/16/2017  8:33:00 Amale,male
228,6/16/2017  8:43:00 Amale,male
229,6/16/2017  8:12:00 Amale,female
230,6/16/2017  9:07:00 Amale,male
231,6/16/2017  9:04:00 Amale,male
232,6/16/2017  8:42:00 Amale,male
233,6/16/2017  8:16:00 Amale,female
234,6/16/2017  8:57:00 Amale,male
235,6/16/2017  8:50:00 Amale,male
236,6/16/2017  9:02:00 Amale,male
237,6/16/2017  8:48:00 Amale,male
238,6/16/2017  8:49:00 Amale,male
239,6/16/2017  8:47:00 Amale,female
240,6/16/2017  8:10:00 Amale,male
241,6/16/2017  9:08:00 Amale,male
242,6/16/2017  8:14:00 Amale,male
243,6/16/2017  8:37:00 Amale,male
244,6/16/2017  8:24:00 Amale,male
245,6/16/2017  8:05:00 Amale,male
246,6/16/2017  8:08:00 Amale,female
247,6/16/2017  9:07:00 Amale,female
248,6/16/2017  8:15:00 Amale,male
249,6/16/2017  8:28:00 Amale,female
250,6/16/2017  8:02:00 Amale,male
251,6/16/2017  8:24:00 Amale,male
252,6/16/2017  8:23:00 Amale,male
253,6/16/2017  8:41:00 Amale,female
254,6/16/2017  8:22:00 Amale,male
255,6/16/2017  9:01:00 Amale,male
256,6/16/2017  8:01:00 Amale,male
257,6/16/2017  9:00:00 Amale,female
258,6/16/2017  8:27:00 Amale,female
259,6/16/2017  8:50:00 Amale,female
260,6/16/2017  8:09:00 Amale,male
261,6/16/2017  8:54:00 Amale,male
262,6/16/2017  8:35:00 Amale,male
263,6/16/2017  8:50:00 Amale,male
264,6/16/2017  8:37:00 Amale,male
265,6/16/2017  8:11:00 Amale,male
266,6/16/2017  8:16:00 Amale,male
267,6/16/2017  8:03:00 Amale,male
268,6/16/2017  8:56:00 Amale,female
269,6/16/2017  8:47:00 Amale,male
270,6/16/2017  8:44:00 Amale,male
271,6/16/2017  8:06:00 Amale,female
272,6/16/2017  8:50:00 Amale,male
273,6/16/2017  8:15:00 Amale,female
274,6/16/2017  7:59:00 Amale,male
275,6/16/2017  8:08:00 Amale,male
276,6/16/2017  8:06:00 Amale,male
277,6/16/2017  9:00:00 Amale,male
278,6/16/2017  8:10:00 Amale,female
279,6/16/2017  8:41:00 Amale,male
280,6/16/2017  8:41:00 Amale,female
281,6/16/2017  8:12:00 Amale,male
282,6/16/2017  9:09:00 Amale,male
283,6/16/2017  8:49:00 Amale,male
284,6/16/2017  8:05:00 Amale,male
285,6/16/2017  8:30:00 Amale,male
286,6/16/2017  8:08:00 Amale,male
287,6/16/2017  8:42:00 Amale,male
288,6/16/2017  8:36:00 Amale,male
289,6/16/2017  8:36:00 Amale,male
290,6/16/2017  8:12:00 Amale,female
291,6/16/2017  8:01:00 Amale,male
292,6/16/2017  8:19:00 Amale,male
293,6/16/2017  8:47:00 Amale,male
294,6/16/2017  8:59:00 Amale,male
295,6/16/2017  8:02:00 Amale,male
296,6/16/2017  8:09:00 Amale,female
297,6/16/2017  8:54:00 Amale,male
298,6/16/2017  9:02:00 Amale,male
299,6/16/2017  9:01:00 Amale,male
300,6/16/2017  8:35:00 Amale,male
301,6/16/2017  9:00:00 Amale,male
302,6/16/2017  8:48:00 Amale,male
303,6/16/2017  8:59:00 Amale,male
304,6/16/2017  8:15:00 Amale,male
305,6/16/2017  8:48:00 Amale,male
306,6/16/2017  8:41:00 Amale,male
307,6/16/2017  8:10:00 Amale,male
308,6/16/2017  8:30:00 Amale,male
309,6/16/2017  7:51:00 Amale,male
310,6/16/2017  8:33:00 Amale,female
311,6/16/2017  8:44:00 Amale,female
312,6/16/2017  8:06:00 Amale,male
313,6/16/2017  8:17:00 Amale,male
314,6/16/2017  8:23:00 Amale,male
315,6/16/2017  8:30:00 Amale,male
316,6/16/2017  8:27:00 Amale,male
317,6/16/2017  8:56:00 Amale,female
318,6/16/2017  8:10:00 Amale,male
319,6/16/2017  8:55:00 Amale,male
320,6/16/2017  8:40:00 Amale,female
321,6/16/2017  8:43:00 Amale,male
322,6/16/2017  8:50:00 Amale,male
323,6/16/2017  8:40:00 Amale,male
324,6/16/2017  7:53:00 Amale,male
325,6/16/2017  8:38:00 Amale,male
326,6/16/2017  8:41:00 Amale,male
327,6/16/2017  8:25:00 Amale,male
328,6/16/2017  8:49:00 Amale,male
329,6/16/2017  8:27:00 Amale,male
330,6/16/2017  8:56:00 Amale,female
331,6/16/2017  8:11:00 Amale,female
332,6/16/2017  8:36:00 Amale,male
333,6/16/2017  7:52:00 Amale,male
334,6/16/2017  9:01:00 Amale,male
335,6/16/2017  8:49:00 Amale,male
336,6/16/2017  8:49:00 Amale,male
337,6/16/2017  8:22:00 Amale,female
338,6/16/2017  8:23:00 Amale,male
339,6/16/2017  8:12:00 Amale,female
340,6/16/2017  8:01:00 Amale,female
341,6/16/2017  8:02:00 Amale,female
342,6/16/2017  8:24:00 Amale,female
343,6/16/2017  8:48:00 Amale,male
344,6/16/2017  8:06:00 Amale,male
345,6/16/2017  8:10:00 Amale,male
346,6/16/2017  9:00:00 Amale,male
347,6/16/2017  8:56:00 Amale,male
348,6/16/2017  8:59:00 Amale,male
349,6/16/2017  8:37:00 Amale,male
350,6/16/2017  8:51:00 Amale,male
351,6/16/2017  8:04:00 Amale,male
352,6/16/2017  8:44:00 Amale,male
353,6/16/2017  8:37:00 Amale,male
354,6/16/2017  8:29:00 Amale,male
355,6/16/2017  7:53:00 Amale,male
356,6/16/2017  8:41:00 Amale,male
357,6/16/2017  7:55:00 Amale,male
358,6/16/2017  8:57:00 Amale,female
359,6/16/2017  8:27:00 Amale,male
360,6/16/2017  7:53:00 Amale,male
361,6/16/2017  8:33:00 Amale,male
362,6/16/2017  8:36:00 Amale,male
363,6/16/2017  8:35:00 Amale,male
364,6/16/2017  8:21:00 Amale,male
365,6/16/2017  8:21:00 Amale,female
366,6/16/2017  8:10:00 Amale,male
367,6/16/2017  8:19:00 Amale,male
368,6/16/2017  7:55:00 Amale,male
369,6/16/2017  8:19:00 Amale,male
370,6/16/2017  7:51:00 Amale,female
371,6/16/2017  8:54:00 Amale,male
372,6/16/2017  8:08:00 Amale,male
373,6/16/2017  8:35:00 Amale,female
374,6/16/2017  9:06:00 Amale,male
375,6/16/2017  8:36:00 Amale,female
376,6/16/2017  8:29:00 Amale,female
377,6/16/2017  8:29:00 Amale,female
378,6/16/2017  8:42:00 Amale,female
379,6/16/2017  8:12:00 Amale,male
380,6/16/2017  8:29:00 Amale,female
381,6/16/2017  8:55:00 Amale,male
382,6/16/2017  8:28:00 Amale,male
383,6/16/2017  8:23:00 Amale,male
384,6/16/2017  8:19:00 Amale,male
385,6/16/2017  8:44:00 Amale,male
386,6/16/2017  8:50:00 Amale,female
387,6/16/2017  8:06:00 Amale,male
388,6/16/2017  8:59:00 Amale,male
389,6/16/2017  8:54:00 Amale,male
390,6/16/2017  8:01:00 Amale,female
391,6/16/2017  8:18:00 Amale,female
392,6/16/2017  8:42:00 Amale,female
393,6/16/2017  8:54:00 Amale,male
394,6/16/2017  8:53:00 Amale,male
395,6/16/2017  8:18:00 Amale,male
396,6/16/2017  8:30:00 Amale,male
397,6/16/2017  8:37:00 Amale,male
398,6/16/2017  8:21:00 Amale,male
399,6/16/2017  8:48:00 Amale,female
400,6/16/2017  7:55:00 Amale,male
401,6/16/2017  8:29:00 Amale,female
402,6/16/2017  8:59:00 Amale,female
403,6/16/2017  7:55:00 Amale,male
404,6/16/2017  8:36:00 Amale,male
405,6/16/2017  8:35:00 Amale,male
406,6/16/2017  8:43:00 Amale,male
407,6/16/2017  8:05:00 Amale,male
408,6/16/2017  8:43:00 Amale,male
409,6/16/2017  8:16:00 Amale,female
410,6/16/2017  7:53:00 Amale,female
411,6/16/2017  8:06:00 Amale,male
412,6/16/2017  8:41:00 Amale,male
413,6/16/2017  7:56:00 Amale,male
414,6/16/2017  8:10:00 Amale,male
415,6/16/2017  7:58:00 Amale,female
416,6/16/2017  8:27:00 Amale,male
417,6/16/2017  8:49:00 Amale,male
418,6/16/2017  8:56:00 Amale,female
419,6/16/2017  8:22:00 Amale,male
420,6/16/2017  8:10:00 Amale,female
421,6/16/2017  8:14:00 Amale,female
422,6/16/2017  8:49:00 Amale,male
423,6/16/2017  8:03:00 Amale,male
424,6/16/2017  7:56:00 Amale,male
425,6/16/2017  8:49:00 Amale,female
426,6/16/2017  9:00:00 Amale,female
427,6/16/2017  8:44:00 Amale,male
428,6/16/2017  8:24:00 Amale,male
429,6/16/2017  8:33:00 Amale,male
430,6/16/2017  8:51:00 Amale,female
431,6/16/2017  8:21:00 Amale,male
432,6/16/2017  8:50:00 Amale,male
433,6/16/2017  8:27:00 Amale,male
434,6/16/2017  7:52:00 Amale,female
435,6/16/2017  8:56:00 Amale,male
436,6/16/2017  8:23:00 Amale,female
437,6/16/2017  7:57:00 Amale,male
438,6/16/2017  8:24:00 Amale,female
439,6/16/2017  8:43:00 Amale,male
440,6/16/2017  8:16:00 Amale,male
441,6/16/2017  8:30:00 Amale,female
442,6/16/2017  8:21:00 Amale,male
443,6/16/2017  7:55:00 Amale,male
444,6/16/2017  8:29:00 Amale,male
445,6/16/2017  8:31:00 Amale,male
446,6/16/2017  8:16:00 Amale,female
447,6/16/2017  8:10:00 Amale,male
448,6/16/2017  8:05:00 Amale,male
449,6/16/2017  8:36:00 Amale,male
450,6/16/2017  8:28:00 Amale,female
451,6/16/2017  8:38:00 Amale,male
452,6/16/2017  8:37:00 Amale,male
453,6/16/2017  8:22:00 Amale,male
454,6/16/2017  8:09:00 Amale,male
455,6/16/2017  8:01:00 Amale,male
456,6/16/2017  8:29:00 Amale,male
457,6/16/2017  8:14:00 Amale,female
458,6/16/2017  8:11:00 Amale,male
459,6/16/2017  8:01:00 Amale,male
460,6/16/2017  8:04:00 Amale,male
461,6/16/2017  8:01:00 Amale,male
462,6/16/2017  8:34:00 Amale,male
463,6/16/2017  8:53:00 Amale,male
464,6/16/2017  8:24:00 Amale,male
465,6/16/2017  7:56:00 Amale,female
466,6/16/2017  8:56:00 Amale,male
467,6/16/2017  8:51:00 Amale,male
468,6/16/2017  8:18:00 Amale,male
469,6/16/2017  7:49:00 Amale,male
470,6/16/2017  7:51:00 Amale,male
471,6/16/2017  8:59:00 Amale,male
472,6/16/2017  9:03:00 Amale,male
473,6/16/2017  7:49:00 Amale,female
474,6/16/2017  8:49:00 Amale,male
475,6/16/2017  8:04:00 Amale,male
476,6/16/2017  8:21:00 Amale,female
477,6/16/2017  8:59:00 Amale,male
478,6/16/2017  8:31:00 Amale,male
479,6/16/2017  8:30:00 Amale,female
480,6/16/2017  8:14:00 Amale,male
481,6/16/2017  8:30:00 Amale,male
482,6/16/2017  8:01:00 Amale,female
483,6/16/2017  7:57:00 Amale,male
484,6/16/2017  8:34:00 Amale,male
485,6/16/2017  8:22:00 Amale,male
486,6/16/2017  8:43:00 Amale,male
487,6/16/2017  8:51:00 Amale,male
488,6/16/2017  8:22:00 Amale,male
489,6/16/2017  8:24:00 Amale,male
490,6/16/2017  8:36:00 Amale,male
491,6/16/2017  8:14:00 Amale,male
492,6/16/2017  8:15:00 Amale,male
493,6/16/2017  8:54:00 Amale,male
494,6/16/2017  7:52:00 Amale,male
495,6/16/2017  7:58:00 Amale,male
496,6/16/2017  8:34:00 Amale,male
497,6/16/2017  7:51:00 Amale,male
498,6/16/2017  8:22:00 Amale,female
499,6/16/2017  8:02:00 Amale,female
506,6/16/2017  9:01:00 Amale,male
508,6/16/2017  8:38:00 Amale,male
500,6/16/2017  8:33:00 Amale,male
501,6/16/2017  8:56:00 Amale,female
502,6/16/2017  7:53:00 Amale,male
503,6/16/2017  8:56:00 Amale,male
504,6/16/2017  8:33:00 Amale,female
505,6/16/2017  8:37:00 Amale,male
507,6/16/2017  8:10:00 Amale,male
509,6/16/2017  8:14:00 Amale,male
510,6/16/2017  8:55:00 Amale,male
511,6/16/2017  7:52:00 Amale,male
512,6/16/2017  8:05:00 Amale,female
513,6/16/2017  8:36:00 Amale,male
514,6/16/2017  8:06:00 Amale,male
515,6/16/2017  8:18:00 Amale,male
516,6/16/2017  8:50:00 Amale,male
517,6/16/2017  8:48:00 Amale,male
518,6/16/2017  8:43:00 Amale,male
519,6/16/2017  8:12:00 Amale,male
520,6/16/2017  8:49:00 Amale,male
521,6/16/2017  8:27:00 Amale,female
522,6/16/2017  7:56:00 Amale,male
523,6/16/2017  8:49:00 Amale,male
524,6/16/2017  7:46:00 Amale,female
525,6/16/2017  8:16:00 Amale,male
526,6/16/2017  8:02:00 Amale,male
527,6/16/2017  9:01:00 Amale,male
528,6/16/2017  8:50:00 Amale,male
529,6/16/2017  7:56:00 Amale,male
530,6/16/2017  8:21:00 Amale,male
531,6/16/2017  8:05:00 Amale,male
532,6/16/2017  7:51:00 Amale,female
533,6/16/2017  8:19:00 Amale,female
534,6/16/2017  8:49:00 Amale,male
535,6/16/2017  8:15:00 Amale,male
536,6/16/2017  7:56:00 Amale,female
537,6/16/2017  8:31:00 Amale,male
538,6/16/2017  8:31:00 Amale,female
539,6/16/2017  7:52:00 Amale,male
540,6/16/2017  8:48:00 Amale,male
541,6/16/2017  8:42:00 Amale,male
542,6/16/2017  8:03:00 Amale,male
543,6/16/2017  8:56:00 Amale,female
544,6/16/2017  8:54:00 Amale,male
545,6/16/2017  8:03:00 Amale,female
546,6/16/2017  8:35:00 Amale,male
547,6/16/2017  8:10:00 Amale,male
548,6/16/2017  8:35:00 Amale,male
549,6/16/2017  8:18:00 Amale,male
550,6/16/2017  8:27:00 Amale,male
551,6/16/2017  8:50:00 Amale,male
552,6/16/2017  8:48:00 Amale,male
553,6/16/2017  7:51:00 Amale,female
554,6/16/2017  8:31:00 Amale,male
555,6/16/2017  8:28:00 Amale,male
556,6/16/2017  8:19:00 Amale,female
557,6/16/2017  8:53:00 Amale,female
558,6/16/2017  8:56:00 Amale,male
559,6/16/2017  7:57:00 Amale,male
560,6/16/2017  8:14:00 Amale,male
561,6/16/2017  8:08:00 Amale,male
562,6/16/2017  8:25:00 Amale,female
563,6/16/2017  8:33:00 Amale,male
564,6/16/2017  7:56:00 Amale,male
565,6/16/2017  8:54:00 Amale,female
566,6/16/2017  8:51:00 Amale,male
567,6/16/2017  8:42:00 Amale,male
568,6/16/2017  8:21:00 Amale,male
569,6/16/2017  8:11:00 Amale,male
571,6/16/2017  8:40:00 Amale,male
572,6/16/2017  8:09:00 Amale,male
573,6/16/2017  8:49:00 Amale,male
574,6/16/2017  8:11:00 Amale,male
575,6/16/2017  8:27:00 Amale,female
576,6/16/2017  8:14:00 Amale,male
577,6/16/2017  8:24:00 Amale,male
578,6/16/2017  8:48:00 Amale,male
580,6/16/2017  8:10:00 Amale,male
581,6/16/2017  8:41:00 Amale,female
583,6/16/2017  7:56:00 Amale,male
584,6/16/2017  8:10:00 Amale,male
585,6/16/2017  8:02:00 Amale,male
586,6/16/2017  7:45:00 Amale,male
587,6/16/2017  8:33:00 Amale,male
588,6/16/2017  7:48:00 Amale,male
589,6/16/2017  7:55:00 Amale,male
590,6/16/2017  8:15:00 Amale,male
591,6/16/2017  8:24:00 Amale,female
592,6/16/2017  8:43:00 Amale,female
593,6/16/2017  8:11:00 Amale,male
594,6/16/2017  8:51:00 Amale,female
595,6/16/2017  7:50:00 Amale,male
596,6/16/2017  8:33:00 Amale,male
597,6/16/2017  8:17:00 Amale,female
598,6/16/2017  8:22:00 Amale,female
599,6/16/2017  8:34:00 Amale,male
601,6/16/2017  8:35:00 Amale,male
602,6/16/2017  8:17:00 Amale,male
603,6/16/2017  7:46:00 Amale,male
604,6/16/2017  8:37:00 Amale,male
605,6/16/2017  7:43:00 Amale,male
606,6/16/2017  8:37:00 Amale,male
607,6/16/2017  8:53:00 Amale,male
608,6/16/2017  8:15:00 Amale,male
609,6/16/2017  8:22:00 Amale,female
610,6/16/2017  8:42:00 Amale,female
612,6/16/2017  8:34:00 Amale,male
613,6/16/2017  7:50:00 Amale,male
614,6/16/2017  8:17:00 Amale,female
615,6/16/2017  8:25:00 Amale,male
616,6/16/2017  7:50:00 Amale,male
617,6/16/2017  8:27:00 Amale,male
618,6/16/2017  7:49:00 Amale,male
619,6/16/2017  8:17:00 Amale,male
620,6/16/2017  8:11:00 Amale,female
621,6/16/2017  7:42:00 Amale,male
622,6/16/2017  7:52:00 Amale,male
623,6/16/2017  8:02:00 Amale,male
624,6/16/2017  8:12:00 Amale,male
626,6/16/2017  7:52:00 Amale,male
627,6/16/2017  8:54:00 Amale,female
628,6/16/2017  7:53:00 Amale,male
629,6/16/2017  8:27:00 Amale,female
630,6/16/2017  8:06:00 Amale,male
631,6/16/2017  8:22:00 Amale,male
633,6/16/2017  8:41:00 Amale,male
634,6/16/2017  7:59:00 Amale,male
636,6/16/2017  8:30:00 Amale,male
637,6/16/2017  8:35:00 Amale,female
638,6/16/2017  8:56:00 Amale,male
640,6/16/2017  8:29:00 Amale,male
641,6/16/2017  8:47:00 Amale,female
642,6/16/2017  7:53:00 Amale,male
644,6/16/2017  8:30:00 Amale,male
645,6/16/2017  8:06:00 Amale,male
646,6/16/2017  8:01:00 Amale,female
647,6/16/2017  8:23:00 Amale,female
648,6/16/2017  8:12:00 Amale,male
649,6/16/2017  8:31:00 Amale,male
650,6/16/2017  8:38:00 Amale,male
651,6/16/2017  8:37:00 Amale,male
652,6/16/2017  8:04:00 Amale,female
653,6/16/2017  8:05:00 Amale,male
654,6/16/2017  8:30:00 Amale,female
655,6/16/2017  8:30:00 Amale,male
656,6/16/2017  8:43:00 Amale,male
657,6/16/2017  7:55:00 Amale,female
658,6/16/2017  8:35:00 Amale,male
659,6/16/2017  8:27:00 Amale,male
660,6/16/2017  8:47:00 Amale,female
661,6/16/2017  7:56:00 Amale,male
662,6/16/2017  8:18:00 Amale,male
663,6/16/2017  8:12:00 Amale,female
664,6/16/2017  8:30:00 Amale,female
665,6/16/2017  8:31:00 Amale,male
666,6/16/2017  8:05:00 Amale,female
667,6/16/2017  7:59:00 Amale,female
668,6/16/2017  7:50:00 Amale,female
669,6/16/2017  8:22:00 Amale,male
670,6/16/2017  8:44:00 Amale,male
671,6/16/2017  8:29:00 Amale,male
672,6/16/2017  8:38:00 Amale,male
673,6/16/2017  8:14:00 Amale,female
674,6/16/2017  8:11:00 Amale,male
675,6/16/2017  7:44:00 Amale,female
676,6/16/2017  8:14:00 Amale,male
677,6/16/2017  8:27:00 Amale,male
678,6/16/2017  8:46:00 Amale,male
679,6/16/2017  8:41:00 Amale,male
680,6/16/2017  8:36:00 Amale,male
681,6/16/2017  8:41:00 Amale,male
682,6/16/2017  7:52:00 Amale,female
683,6/16/2017  8:30:00 Amale,male
684,6/16/2017  8:04:00 Amale,male
685,6/16/2017  8:11:00 Amale,female
686,6/16/2017  8:22:00 Amale,male
687,6/16/2017  8:47:00 Amale,male
688,6/16/2017  8:19:00 Amale,male
689,6/16/2017  8:49:00 Amale,male
690,6/16/2017  8:06:00 Amale,male
691,6/16/2017  8:01:00 Amale,female
692,6/16/2017  8:09:00 Amale,male
693,6/16/2017  8:05:00 Amale,male
694,6/16/2017  7:48:00 Amale,female
695,6/16/2017  8:30:00 Amale,male
696,6/16/2017  8:40:00 Amale,male
697,6/16/2017  8:38:00 Amale,male
698,6/16/2017  7:59:00 Amale,female
699,6/16/2017  8:19:00 Amale,male
700,6/16/2017  7:53:00 Amale,male
701,6/16/2017  8:17:00 Amale,female
702,6/16/2017  7:52:00 Amale,female
703,6/16/2017  7:57:00 Amale,male
704,6/16/2017  8:12:00 Amale,male
705,6/16/2017  8:40:00 Amale,female
706,6/16/2017  8:23:00 Amale,male
707,6/16/2017  7:46:00 Amale,male
708,6/16/2017  8:40:00 Amale,female
709,6/16/2017  8:30:00 Amale,female
710,6/16/2017  8:47:00 Amale,male
711,6/16/2017  7:48:00 Amale,male
712,6/16/2017  8:46:00 Amale,female
713,6/16/2017  7:59:00 Amale,male
714,6/16/2017  8:31:00 Amale,male
715,6/16/2017  8:31:00 Amale,female
716,6/16/2017  8:15:00 Amale,male
717,6/16/2017  7:58:00 Amale,male
718,6/16/2017  8:29:00 Amale,male
719,6/16/2017  8:28:00 Amale,male
720,6/16/2017  7:59:00 Amale,male
721,6/16/2017  7:45:00 Amale,male
722,6/16/2017  7:57:00 Amale,male
723,6/16/2017  8:02:00 Amale,male
724,6/16/2017  8:22:00 Amale,male
725,6/16/2017  8:18:00 Amale,male
726,6/16/2017  8:25:00 Amale,female
727,6/16/2017  7:42:00 Amale,male
728,6/16/2017  8:04:00 Amale,female
729,6/16/2017  8:01:00 Amale,male
730,6/16/2017  7:39:00 Amale,male
731,6/16/2017  8:01:00 Amale,male
732,6/16/2017  8:21:00 Amale,female
733,6/16/2017  7:59:00 Amale,female
734,6/16/2017  8:49:00 Amale,male
735,6/16/2017  7:43:00 Amale,female
736,6/16/2017  8:47:00 Amale,male
737,6/16/2017  8:35:00 Amale,male
738,6/16/2017  8:36:00 Amale,male
739,6/16/2017  8:40:00 Amale,male
740,6/16/2017  8:22:00 Amale,male
741,6/16/2017  7:57:00 Amale,male
742,6/16/2017  8:40:00 Amale,female
743,6/16/2017  8:44:00 Amale,female
744,6/16/2017  8:34:00 Amale,male
745,6/16/2017  7:53:00 Amale,male
746,6/16/2017  7:44:00 Amale,male
747,6/16/2017  8:09:00 Amale,male
748,6/16/2017  8:08:00 Amale,male
749,6/16/2017  8:41:00 Amale,male
750,6/16/2017  8:12:00 Amale,female
751,6/16/2017  8:09:00 Amale,male
752,6/16/2017  8:04:00 Amale,male
753,6/16/2017  8:19:00 Amale,male
754,6/16/2017  7:49:00 Amale,male
755,6/16/2017  7:55:00 Amale,female
756,6/16/2017  7:48:00 Amale,male
757,6/16/2017  8:41:00 Amale,female
758,6/16/2017  8:03:00 Amale,male
759,6/16/2017  8:22:00 Amale,male
760,6/16/2017  8:24:00 Amale,male
761,6/16/2017  7:40:00 Amale,female
762,6/16/2017  8:16:00 Amale,male
763,6/16/2017  8:17:00 Amale,female
764,6/16/2017  8:42:00 Amale,female
765,6/16/2017  7:57:00 Amale,female
766,6/16/2017  8:31:00 Amale,female
767,6/16/2017  8:34:00 Amale,male
768,6/16/2017  8:38:00 Amale,female
769,6/16/2017  7:59:00 Amale,male
770,6/16/2017  8:33:00 Amale,male
771,6/16/2017  8:30:00 Amale,male
772,6/16/2017  8:08:00 Amale,male
773,6/16/2017  7:39:00 Amale,male
774,6/16/2017  7:49:00 Amale,female
775,6/16/2017  8:34:00 Amale,male
776,6/16/2017  7:56:00 Amale,male
777,6/16/2017  8:37:00 Amale,male
778,6/16/2017  8:19:00 Amale,male
779,6/16/2017  8:48:00 Amale,male
780,6/16/2017  7:45:00 Amale,female
781,6/16/2017  8:31:00 Amale,female
782,6/16/2017  8:37:00 Amale,female
783,6/16/2017  7:57:00 Amale,female
784,6/16/2017  8:27:00 Amale,male
785,6/16/2017  8:38:00 Amale,male
786,6/16/2017  8:25:00 Amale,male
787,6/16/2017  8:35:00 Amale,male
788,6/16/2017  8:41:00 Amale,male
789,6/16/2017  8:36:00 Amale,male
790,6/16/2017  8:08:00 Amale,male
791,6/16/2017  8:31:00 Amale,male
792,6/16/2017  8:48:00 Amale,male
793,6/16/2017  8:09:00 Amale,male
794,6/16/2017  8:14:00 Amale,male
795,6/16/2017  8:02:00 Amale,male
796,6/16/2017  8:38:00 Amale,male
797,6/16/2017  7:50:00 Amale,male
798,6/16/2017  8:19:00 Amale,male
799,6/16/2017  8:36:00 Amale,female
800,6/16/2017  8:16:00 Amale,male
801,6/16/2017  8:47:00 Amale,female
802,6/16/2017  7:40:00 Amale,male
803,6/16/2017  8:34:00 Amale,female
804,6/16/2017  7:50:00 Amale,male
805,6/16/2017  8:35:00 Amale,male
806,6/16/2017  8:41:00 Amale,male
807,6/16/2017  8:19:00 Amale,male
808,6/16/2017  7:59:00 Amale,female
809,6/16/2017  8:24:00 Amale,male
810,6/16/2017  8:29:00 Amale,male
811,6/16/2017  8:01:00 Amale,male
812,6/16/2017  7:39:00 Amale,male
813,6/16/2017  7:43:00 Amale,female
814,6/16/2017  8:12:00 Amale,male
815,6/16/2017  8:02:00 Amale,male
816,6/16/2017  8:09:00 Amale,female
817,6/16/2017  8:22:00 Amale,male
818,6/16/2017  7:58:00 Amale,male
819,6/16/2017  7:46:00 Amale,male
820,6/16/2017  7:56:00 Amale,male
821,6/16/2017  7:46:00 Amale,male
822,6/16/2017  8:33:00 Amale,male
823,6/16/2017  7:50:00 Amale,female
824,6/16/2017  7:39:00 Amale,female
825,6/16/2017  8:30:00 Amale,male
826,6/16/2017  8:29:00 Amale,female
827,6/16/2017  8:31:00 Amale,male
828,6/16/2017  7:48:00 Amale,male
829,6/16/2017  8:30:00 Amale,female
830,6/16/2017  8:24:00 Amale,female
831,6/16/2017  8:03:00 Amale,male
832,6/16/2017  7:50:00 Amale,female
833,6/16/2017  8:10:00 Amale,female
834,6/16/2017  7:53:00 Amale,male
835,6/16/2017  7:53:00 Amale,male
836,6/16/2017  7:45:00 Amale,male
837,6/16/2017  8:35:00 Amale,male
838,6/16/2017  7:55:00 Amale,male
839,6/16/2017  7:51:00 Amale,male
840,6/16/2017  7:44:00 Amale,male
841,6/16/2017  8:18:00 Amale,male
842,6/16/2017  8:25:00 Amale,male
843,6/16/2017  7:46:00 Amale,female
844,6/16/2017  8:25:00 Amale,female
845,6/16/2017  8:40:00 Amale,male
846,6/16/2017  8:41:00 Amale,male
847,6/16/2017  7:46:00 Amale,male
848,6/16/2017  7:49:00 Amale,female
849,6/16/2017  7:46:00 Amale,male
850,6/16/2017  8:17:00 Amale,female
851,6/16/2017  7:39:00 Amale,male
852,6/16/2017  8:41:00 Amale,female
853,6/16/2017  8:27:00 Amale,male
854,6/16/2017  8:05:00 Amale,male
855,6/16/2017  8:22:00 Amale,male
856,6/16/2017  7:58:00 Amale,male
857,6/16/2017  8:17:00 Amale,male
858,6/16/2017  7:51:00 Amale,male
859,6/16/2017  7:51:00 Amale,female
860,6/16/2017  8:24:00 Amale,male
861,6/16/2017  7:51:00 Amale,female
862,6/16/2017  8:49:00 Amale,male
863,6/16/2017  8:48:00 Amale,male
864,6/16/2017  7:51:00 Amale,male
865,6/16/2017  8:15:00 Amale,male
866,6/16/2017  8:31:00 Amale,male
867,6/16/2017  8:02:00 Amale,male
868,6/16/2017  8:18:00 Amale,male
869,6/16/2017  7:49:00 Amale,male
870,6/16/2017  8:14:00 Amale,male
871,6/16/2017  8:47:00 Amale,male
872,6/16/2017  7:48:00 Amale,male
873,6/16/2017  7:48:00 Amale,male
874,6/16/2017  8:37:00 Amale,female
875,6/16/2017  8:40:00 Amale,male
876,6/16/2017  7:44:00 Amale,male
877,6/16/2017  8:24:00 Amale,male
878,6/16/2017  8:18:00 Amale,female
879,6/16/2017  8:35:00 Amale,male
880,6/16/2017  7:57:00 Amale,female
881,6/16/2017  7:46:00 Amale,male
882,6/16/2017  7:48:00 Amale,female
883,6/16/2017  7:50:00 Amale,female
884,6/16/2017  8:48:00 Amale,male
885,6/16/2017  7:39:00 Amale,male
886,6/16/2017  7:57:00 Amale,male
887,6/16/2017  8:25:00 Amale,female
888,6/16/2017  7:58:00 Amale,male
889,6/16/2017  7:59:00 Amale,male
890,6/16/2017  7:59:00 Amale,male
891,6/16/2017  7:43:00 Amale,female
892,6/16/2017  8:16:00 Amale,male
893,6/16/2017  8:44:00 Amale,male
894,6/16/2017  8:08:00 Amale,male
895,6/16/2017  7:43:00 Amale,male
896,6/16/2017  8:04:00 Amale,male
897,6/16/2017  8:43:00 Amale,male
898,6/16/2017  8:23:00 Amale,male
899,6/16/2017  8:08:00 Amale,female
900,6/16/2017  6:17:00 Amale,male
901,6/16/2017  6:10:00 Amale,male
902,6/16/2017  6:14:00 Amale,female
903,6/16/2017  5:43:00 Amale,male
904,6/16/2017  6:46:00 Amale,male
905,6/16/2017  5:46:00 Amale,female
906,6/16/2017  5:55:00 Amale,male
907,6/16/2017  6:04:00 Amale,male
908,6/16/2017  6:21:00 Amale,male
909,6/16/2017  6:25:00 Amale,male
910,6/16/2017  6:02:00 Amale,male
911,6/16/2017  6:18:00 Amale,male
912,6/16/2017  6:40:00 Amale,male
913,6/16/2017  5:55:00 Amale,male
914,6/16/2017  6:40:00 Amale,female
915,6/16/2017  6:31:00 Amale,male
916,6/16/2017  6:40:00 Amale,male
917,6/16/2017  6:48:00 Amale,female
918,6/16/2017  6:29:00 Amale,male
919,6/16/2017  5:45:00 Amale,female
920,6/16/2017  6:06:00 Amale,male
921,6/16/2017  6:37:00 Amale,male
922,6/16/2017  6:31:00 Amale,male
923,6/16/2017  5:46:00 Amale,male
924,6/16/2017  6:14:00 Amale,male
925,6/16/2017  6:47:00 Amale,male
926,6/16/2017  6:19:00 Amale,male
927,6/16/2017  6:24:00 Amale,male
928,6/16/2017  6:37:00 Amale,male
929,6/16/2017  6:42:00 Amale,male
930,6/16/2017  6:38:00 Amale,male
931,6/16/2017  6:12:00 Amale,male
932,6/16/2017  6:31:00 Amale,male
933,6/16/2017  6:24:00 Amale,female
934,6/16/2017  6:36:00 Amale,male
935,6/16/2017  5:52:00 Amale,female
936,6/16/2017  6:48:00 Amale,female
937,6/16/2017  5:57:00 Amale,female
938,6/16/2017  6:28:00 Amale,female
939,6/16/2017  6:41:00 Amale,female
940,6/16/2017  5:40:00 Amale,female
941,6/16/2017  6:31:00 Amale,female
942,6/16/2017  5:46:00 Amale,male
943,6/16/2017  6:14:00 Amale,male
944,6/16/2017  5:44:00 Amale,male
945,6/16/2017  5:44:00 Amale,female
946,6/16/2017  6:28:00 Amale,male
947,6/16/2017  6:11:00 Amale,male
948,6/16/2017  6:44:00 Amale,male
949,6/16/2017  6:02:00 Amale,female
950,6/16/2017  6:15:00 Amale,male
951,6/16/2017  6:37:00 Amale,male
952,6/16/2017  6:12:00 Amale,female
953,6/16/2017  9:36:00 Amale,male
954,6/16/2017  9:05:00 Amale,male
955,6/16/2017  9:04:00 Amale,male
956,6/16/2017  9:02:00 Amale,male
957,6/16/2017  11:04:00 Amale,female
958,6/16/2017  11:20:00 Amale,male
959,6/16/2017  9:50:00 Amale,male
960,6/16/2017  10:02:00 Amale,male
961,6/16/2017  10:59:00 Amale,male
962,6/16/2017  9:41:00 Amale,male
963,6/16/2017  9:33:00 Amale,female
964,6/16/2017  10:22:00 Amale,male
965,6/16/2017  9:03:00 Amale,male
966,6/16/2017  8:50:00 Amale,male
967,6/16/2017  10:53:00 Amale,male
968,6/16/2017  11:28:00 Amale,female
969,6/16/2017  9:37:00 Amale,male
970,6/16/2017  11:14:00 Amale,male
971,6/16/2017  11:25:00 Amale,male
972,6/16/2017  8:43:00 Amale,male
973,6/16/2017  10:34:00 Amale,male
974,6/16/2017  10:04:00 Amale,male
975,6/16/2017  10:06:00 Amale,male
976,6/16/2017  11:07:00 Amale,female
977,6/16/2017  10:12:00 Amale,female
978,6/16/2017  8:44:00 Amale,male
979,6/16/2017  9:43:00 Amale,male
980,6/16/2017  9:43:00 Amale,male
981,6/16/2017  10:59:00 Amale,female
982,6/16/2017  11:30:00 Amale,male
983,6/16/2017  10:57:00 Amale,male
984,6/16/2017  11:33:00 Amale,male
985,6/16/2017  9:25:00 Amale,female
986,6/16/2017  10:30:00 Amale,female
